log_gas,Redshift_NED,log_SFR
0.94,0.008236,-2.84
0.91,0.007352,-1.92
1.12,0.006997,-2.09
1.39,0.008026,-1.7
1.21,0.005224,-1.74
1.14,0.00524,-2.07
1.09,0.007619,-2.21
1.01,0.006551,-2.38
0.81,0.00506,-2.32
0.94,0.00535,-2.38
